PID,Final_Radius_nm,fiPEG,fiRNA,Birth_Time,Merge_Count,Num_Ancestors,Num_Parents,Num_Children,Is_Initial
1,9.0,0.015,0.17807299682618613,0.000000e+00,0,0,0,0,True
8,9.0,0.015,0.02580066099350391,0.000000e+00,0,0,0,0,True
10,9.0,0.015,0.1351107077990283,0.000000e+00,0,0,0,0,True
14,9.0,0.015,0.11921556356654531,0.000000e+00,0,0,0,0,True
18,9.0,0.015,0.17698270031896124,0.000000e+00,0,0,0,0,True
20,9.0,0.015,0.2821930109490885,0.000000e+00,0,0,0,0,True
27,9.0,0.015,0.2425712860929986,0.000000e+00,0,0,0,0,True
30,9.0,0.015,0.24164241628468888,0.000000e+00,0,0,0,0,True
41,9.0,0.015,0.08800590061746608,0.000000e+00,0,0,0,0,True
44,9.0,0.015,0.048710228226368786,0.000000e+00,0,0,0,0,True
48,9.0,0.015,0.0473719007176699,0.000000e+00,0,0,0,0,True
51,9.0,0.015,0.0636242077730804,0.000000e+00,0,0,0,0,True
54,9.0,0.015,0.13224464155873786,0.000000e+00,0,0,0,0,True
60,9.0,0.015,0.23689921183455773,0.000000e+00,0,0,0,0,True
61,9.0,0.015,0.15980324147371996,0.000000e+00,0,0,0,0,True
62,9.0,0.015,-0.10412878226687046,0.000000e+00,0,0,0,0,True
63,9.0,0.015,0.2651977619274898,0.000000e+00,0,0,0,0,True
68,9.0,0.015,0.3105564047205405,0.000000e+00,0,0,0,0,True
70,9.0,0.015,0.483436014041621,0.000000e+00,0,0,0,0,True
73,9.0,0.015,0.06043470541370152,0.000000e+00,0,0,0,0,True
78,9.0,0.015,0.037277509832905,0.000000e+00,0,0,0,0,True
83,9.0,0.015,0.1919101931906731,0.000000e+00,0,0,0,0,True
92,9.0,0.015,0.3303844738271048,0.000000e+00,0,0,0,0,True
96,9.0,0.015,0.08626517714191614,0.000000e+00,0,0,0,0,True
99,9.0,0.015,0.14383741221036678,0.000000e+00,0,0,0,0,True
100,9.0,0.015,0.0,0.000000e+00,0,0,0,0,True
101,9.0,0.015,0.0,0.000000e+00,0,0,0,0,True
102,9.0,0.015,0.0,0.000000e+00,0,0,0,0,True
104,9.0,0.015,0.0,0.000000e+00,0,0,0,0,True
106,9.0,0.015,0.0,0.000000e+00,0,0,0,0,True
107,9.0,0.015,0.0,0.000000e+00,0,0,0,0,True
108,9.0,0.015,0.0,0.000000e+00,0,0,0,0,True
109,9.0,0.015,0.0,0.000000e+00,0,0,0,0,True
111,9.0,0.015,0.0,0.000000e+00,0,0,0,0,True
112,9.0,0.015,0.0,0.000000e+00,0,0,0,0,True
113,9.0,0.015,0.0,0.000000e+00,0,0,0,0,True
114,9.0,0.015,0.0,0.000000e+00,0,0,0,0,True
117,9.0,0.015,0.0,0.000000e+00,0,0,0,0,True
118,9.0,0.015,0.0,0.000000e+00,0,0,0,0,True
119,9.0,0.015,0.0,0.000000e+00,0,0,0,0,True
120,9.0,0.015,0.0,0.000000e+00,0,0,0,0,True
121,9.0,0.015,0.0,0.000000e+00,0,0,0,0,True
122,9.0,0.015,0.0,0.000000e+00,0,0,0,0,True
123,9.0,0.015,0.0,0.000000e+00,0,0,0,0,True
124,9.0,0.015,0.0,0.000000e+00,0,0,0,0,True
126,9.0,0.015,0.0,0.000000e+00,0,0,0,0,True
127,9.0,0.015,0.0,0.000000e+00,0,0,0,0,True
129,9.0,0.015,0.0,0.000000e+00,0,0,0,0,True
130,9.0,0.015,0.0,0.000000e+00,0,0,0,0,True
132,9.0,0.015,0.0,0.000000e+00,0,0,0,0,True
133,9.0,0.015,0.0,0.000000e+00,0,0,0,0,True
134,9.0,0.015,0.0,0.000000e+00,0,0,0,0,True
137,9.0,0.015,0.0,0.000000e+00,0,0,0,0,True
138,9.0,0.015,0.0,0.000000e+00,0,0,0,0,True
139,9.0,0.015,0.0,0.000000e+00,0,0,0,0,True
141,9.0,0.015,0.0,0.000000e+00,0,0,0,0,True
142,9.0,0.015,0.0,0.000000e+00,0,0,0,0,True
143,9.0,0.015,0.0,0.000000e+00,0,0,0,0,True
144,9.0,0.015,0.0,0.000000e+00,0,0,0,0,True
145,9.0,0.015,0.0,0.000000e+00,0,0,0,0,True
146,9.0,0.015,0.0,0.000000e+00,0,0,0,0,True
147,9.0,0.015,0.0,0.000000e+00,0,0,0,0,True
148,9.0,0.015,0.0,0.000000e+00,0,0,0,0,True
149,9.0,0.015,0.0,0.000000e+00,0,0,0,0,True
150,9.0,0.015,0.0,0.000000e+00,0,0,0,0,True
151,9.0,0.015,0.0,0.000000e+00,0,0,0,0,True
152,9.0,0.015,0.0,0.000000e+00,0,0,0,0,True
154,9.0,0.015,0.0,0.000000e+00,0,0,0,0,True
155,9.0,0.015,0.0,0.000000e+00,0,0,0,0,True
156,9.0,0.015,0.0,0.000000e+00,0,0,0,0,True
157,9.0,0.015,0.0,0.000000e+00,0,0,0,0,True
158,9.0,0.015,0.0,0.000000e+00,0,0,0,0,True
159,9.0,0.015,0.0,0.000000e+00,0,0,0,0,True
160,9.0,0.015,0.0,0.000000e+00,0,0,0,0,True
161,9.0,0.015,0.0,0.000000e+00,0,0,0,0,True
163,9.0,0.015,0.0,0.000000e+00,0,0,0,0,True
164,9.0,0.015,0.0,0.000000e+00,0,0,0,0,True
166,9.0,0.015,0.0,0.000000e+00,0,0,0,0,True
167,9.0,0.015,0.0,0.000000e+00,0,0,0,0,True
168,9.0,0.015,0.0,0.000000e+00,0,0,0,0,True
169,9.0,0.015,0.0,0.000000e+00,0,0,0,0,True
171,9.0,0.015,0.0,0.000000e+00,0,0,0,0,True
172,9.0,0.015,0.0,0.000000e+00,0,0,0,0,True
174,9.0,0.015,0.0,0.000000e+00,0,0,0,0,True
175,9.0,0.015,0.0,0.000000e+00,0,0,0,0,True
178,9.0,0.015,0.0,0.000000e+00,0,0,0,0,True
179,9.0,0.015,0.0,0.000000e+00,0,0,0,0,True
180,9.0,0.015,0.0,0.000000e+00,0,0,0,0,True
181,9.0,0.015,0.0,0.000000e+00,0,0,0,0,True
182,9.0,0.015,0.0,0.000000e+00,0,0,0,0,True
184,9.0,0.015,0.0,0.000000e+00,0,0,0,0,True
185,9.0,0.015,0.0,0.000000e+00,0,0,0,0,True
186,9.0,0.015,0.0,0.000000e+00,0,0,0,0,True
187,9.0,0.015,0.0,0.000000e+00,0,0,0,0,True
188,9.0,0.015,0.0,0.000000e+00,0,0,0,0,True
189,9.0,0.015,0.0,0.000000e+00,0,0,0,0,True
190,9.0,0.015,0.0,0.000000e+00,0,0,0,0,True
191,9.0,0.015,0.0,0.000000e+00,0,0,0,0,True
192,9.0,0.015,0.0,0.000000e+00,0,0,0,0,True
194,9.0,0.015,0.0,0.000000e+00,0,0,0,0,True
195,9.0,0.015,0.0,0.000000e+00,0,0,0,0,True
196,9.0,0.015,0.0,0.000000e+00,0,0,0,0,True
197,9.0,0.015,0.0,0.000000e+00,0,0,0,0,True
201,9.0,0.015,0.0,0.000000e+00,0,0,0,0,True
202,9.0,0.015,0.0,0.000000e+00,0,0,0,0,True
203,9.0,0.015,0.0,0.000000e+00,0,0,0,0,True
205,9.0,0.015,0.0,0.000000e+00,0,0,0,0,True
206,9.0,0.015,0.0,0.000000e+00,0,0,0,0,True
207,9.0,0.015,0.0,0.000000e+00,0,0,0,0,True
208,9.0,0.015,0.0,0.000000e+00,0,0,0,0,True
209,9.0,0.015,0.0,0.000000e+00,0,0,0,0,True
210,9.0,0.015,0.0,0.000000e+00,0,0,0,0,True
213,9.0,0.015,0.0,0.000000e+00,0,0,0,0,True
214,9.0,0.015,0.0,0.000000e+00,0,0,0,0,True
216,9.0,0.015,0.0,0.000000e+00,0,0,0,0,True
217,9.0,0.015,0.0,0.000000e+00,0,0,0,0,True
218,9.0,0.015,0.0,0.000000e+00,0,0,0,0,True
220,9.0,0.015,0.0,0.000000e+00,0,0,0,0,True
221,9.0,0.015,0.0,0.000000e+00,0,0,0,0,True
222,9.0,0.015,0.0,0.000000e+00,0,0,0,0,True
224,9.0,0.015,0.0,0.000000e+00,0,0,0,0,True
225,9.0,0.015,0.0,0.000000e+00,0,0,0,0,True
226,9.0,0.015,0.0,0.000000e+00,0,0,0,0,True
228,9.0,0.015,0.0,0.000000e+00,0,0,0,0,True
229,9.0,0.015,0.0,0.000000e+00,0,0,0,0,True
230,9.0,0.015,0.0,0.000000e+00,0,0,0,0,True
231,9.0,0.015,0.0,0.000000e+00,0,0,0,0,True
232,9.0,0.015,0.0,0.000000e+00,0,0,0,0,True
233,9.0,0.015,0.0,0.000000e+00,0,0,0,0,True
234,9.0,0.015,0.0,0.000000e+00,0,0,0,0,True
235,9.0,0.015,0.0,0.000000e+00,0,0,0,0,True
236,9.0,0.015,0.0,0.000000e+00,0,0,0,0,True
237,9.0,0.015,0.0,0.000000e+00,0,0,0,0,True
238,9.0,0.015,0.0,0.000000e+00,0,0,0,0,True
239,9.0,0.015,0.0,0.000000e+00,0,0,0,0,True
241,9.0,0.015,0.0,0.000000e+00,0,0,0,0,True
242,9.0,0.015,0.0,0.000000e+00,0,0,0,0,True
246,9.0,0.015,0.0,0.000000e+00,0,0,0,0,True
247,9.0,0.015,0.0,0.000000e+00,0,0,0,0,True
248,9.0,0.015,0.0,0.000000e+00,0,0,0,0,True
249,9.0,0.015,0.0,0.000000e+00,0,0,0,0,True
250,9.0,0.015,0.0,0.000000e+00,0,0,0,0,True
251,9.0,0.015,0.0,0.000000e+00,0,0,0,0,True
252,9.0,0.015,0.0,0.000000e+00,0,0,0,0,True
253,9.0,0.015,0.0,0.000000e+00,0,0,0,0,True
254,9.0,0.015,0.0,0.000000e+00,0,0,0,0,True
256,9.0,0.015,0.0,0.000000e+00,0,0,0,0,True
258,9.0,0.015,0.0,0.000000e+00,0,0,0,0,True
260,9.0,0.015,0.0,0.000000e+00,0,0,0,0,True
261,9.0,0.015,0.0,0.000000e+00,0,0,0,0,True
263,9.0,0.015,0.0,0.000000e+00,0,0,0,0,True
264,9.0,0.015,0.0,0.000000e+00,0,0,0,0,True
265,9.0,0.015,0.0,0.000000e+00,0,0,0,0,True
266,9.0,0.015,0.0,0.000000e+00,0,0,0,0,True
268,9.0,0.015,0.0,0.000000e+00,0,0,0,0,True
269,9.0,0.015,0.0,0.000000e+00,0,0,0,0,True
270,9.0,0.015,0.0,0.000000e+00,0,0,0,0,True
271,9.0,0.015,0.0,0.000000e+00,0,0,0,0,True
272,9.0,0.015,0.0,0.000000e+00,0,0,0,0,True
273,9.0,0.015,0.0,0.000000e+00,0,0,0,0,True
274,9.0,0.015,0.0,0.000000e+00,0,0,0,0,True
277,9.0,0.015,0.0,0.000000e+00,0,0,0,0,True
278,9.0,0.015,0.0,0.000000e+00,0,0,0,0,True
281,9.0,0.015,0.0,0.000000e+00,0,0,0,0,True
282,9.0,0.015,0.0,0.000000e+00,0,0,0,0,True
283,9.0,0.015,0.0,0.000000e+00,0,0,0,0,True
284,9.0,0.015,0.0,0.000000e+00,0,0,0,0,True
285,9.0,0.015,0.0,0.000000e+00,0,0,0,0,True
286,9.0,0.015,0.0,0.000000e+00,0,0,0,0,True
287,9.0,0.015,0.0,0.000000e+00,0,0,0,0,True
289,9.0,0.015,0.0,0.000000e+00,0,0,0,0,True
290,9.0,0.015,0.0,0.000000e+00,0,0,0,0,True
291,9.0,0.015,0.0,0.000000e+00,0,0,0,0,True
292,9.0,0.015,0.0,0.000000e+00,0,0,0,0,True
293,9.0,0.015,0.0,0.000000e+00,0,0,0,0,True
294,9.0,0.015,0.0,0.000000e+00,0,0,0,0,True
295,9.0,0.015,0.0,0.000000e+00,0,0,0,0,True
296,9.0,0.015,0.0,0.000000e+00,0,0,0,0,True
299,9.0,0.015,0.0,0.000000e+00,0,0,0,0,True
300,9.0,0.015,0.0,0.000000e+00,0,0,0,0,True
301,9.0,0.015,0.0,0.000000e+00,0,0,0,0,True
304,9.0,0.015,0.0,0.000000e+00,0,0,0,0,True
305,9.0,0.015,0.0,0.000000e+00,0,0,0,0,True
306,9.0,0.015,0.0,0.000000e+00,0,0,0,0,True
307,9.0,0.015,0.0,0.000000e+00,0,0,0,0,True
308,9.0,0.015,0.0,0.000000e+00,0,0,0,0,True
309,9.0,0.015,0.0,0.000000e+00,0,0,0,0,True
310,9.0,0.015,0.0,0.000000e+00,0,0,0,0,True
312,9.0,0.015,0.0,0.000000e+00,0,0,0,0,True
314,9.0,0.015,0.0,0.000000e+00,0,0,0,0,True
315,9.0,0.015,0.0,0.000000e+00,0,0,0,0,True
316,9.0,0.015,0.0,0.000000e+00,0,0,0,0,True
317,9.0,0.015,0.0,0.000000e+00,0,0,0,0,True
318,9.0,0.015,0.0,0.000000e+00,0,0,0,0,True
320,9.0,0.015,0.0,0.000000e+00,0,0,0,0,True
321,9.0,0.015,0.0,0.000000e+00,0,0,0,0,True
322,9.0,0.015,0.0,0.000000e+00,0,0,0,0,True
323,9.0,0.015,0.0,0.000000e+00,0,0,0,0,True
324,9.0,0.015,0.0,0.000000e+00,0,0,0,0,True
326,9.0,0.015,0.0,0.000000e+00,0,0,0,0,True
327,9.0,0.015,0.0,0.000000e+00,0,0,0,0,True
330,9.0,0.015,0.0,0.000000e+00,0,0,0,0,True
331,9.0,0.015,0.0,0.000000e+00,0,0,0,0,True
332,9.0,0.015,0.0,0.000000e+00,0,0,0,0,True
334,9.0,0.015,0.0,0.000000e+00,0,0,0,0,True
335,9.0,0.015,0.0,0.000000e+00,0,0,0,0,True
336,9.0,0.015,0.0,0.000000e+00,0,0,0,0,True
337,9.0,0.015,0.0,0.000000e+00,0,0,0,0,True
338,9.0,0.015,0.0,0.000000e+00,0,0,0,0,True
339,9.0,0.015,0.0,0.000000e+00,0,0,0,0,True
340,9.0,0.015,0.0,0.000000e+00,0,0,0,0,True
341,9.0,0.015,0.0,0.000000e+00,0,0,0,0,True
342,9.0,0.015,0.0,0.000000e+00,0,0,0,0,True
343,9.0,0.015,0.0,0.000000e+00,0,0,0,0,True
344,9.0,0.015,0.0,0.000000e+00,0,0,0,0,True
345,9.0,0.015,0.0,0.000000e+00,0,0,0,0,True
346,9.0,0.015,0.0,0.000000e+00,0,0,0,0,True
347,9.0,0.015,0.0,0.000000e+00,0,0,0,0,True
348,9.0,0.015,0.0,0.000000e+00,0,0,0,0,True
349,9.0,0.015,0.0,0.000000e+00,0,0,0,0,True
350,9.0,0.015,0.0,0.000000e+00,0,0,0,0,True
351,9.0,0.015,0.0,0.000000e+00,0,0,0,0,True
353,9.0,0.015,0.0,0.000000e+00,0,0,0,0,True
355,9.0,0.015,0.0,0.000000e+00,0,0,0,0,True
356,9.0,0.015,0.0,0.000000e+00,0,0,0,0,True
357,9.0,0.015,0.0,0.000000e+00,0,0,0,0,True
358,9.0,0.015,0.0,0.000000e+00,0,0,0,0,True
359,9.0,0.015,0.0,0.000000e+00,0,0,0,0,True
360,9.0,0.015,0.0,0.000000e+00,0,0,0,0,True
361,9.0,0.015,0.0,0.000000e+00,0,0,0,0,True
364,9.0,0.015,0.0,0.000000e+00,0,0,0,0,True
365,9.0,0.015,0.0,0.000000e+00,0,0,0,0,True
366,9.0,0.015,0.0,0.000000e+00,0,0,0,0,True
367,9.0,0.015,0.0,0.000000e+00,0,0,0,0,True
368,9.0,0.015,0.0,0.000000e+00,0,0,0,0,True
369,9.0,0.015,0.0,0.000000e+00,0,0,0,0,True
370,9.0,0.015,0.0,0.000000e+00,0,0,0,0,True
371,9.0,0.015,0.0,0.000000e+00,0,0,0,0,True
372,9.0,0.015,0.0,0.000000e+00,0,0,0,0,True
373,9.0,0.015,0.0,0.000000e+00,0,0,0,0,True
375,9.0,0.015,0.0,0.000000e+00,0,0,0,0,True
376,9.0,0.015,0.0,0.000000e+00,0,0,0,0,True
377,9.0,0.015,0.0,0.000000e+00,0,0,0,0,True
381,9.0,0.015,0.0,0.000000e+00,0,0,0,0,True
383,9.0,0.015,0.0,0.000000e+00,0,0,0,0,True
385,9.0,0.015,0.0,0.000000e+00,0,0,0,0,True
387,9.0,0.015,0.0,0.000000e+00,0,0,0,0,True
388,9.0,0.015,0.0,0.000000e+00,0,0,0,0,True
390,9.0,0.015,0.0,0.000000e+00,0,0,0,0,True
391,9.0,0.015,0.0,0.000000e+00,0,0,0,0,True
392,9.0,0.015,0.0,0.000000e+00,0,0,0,0,True
393,9.0,0.015,0.0,0.000000e+00,0,0,0,0,True
394,9.0,0.015,0.0,0.000000e+00,0,0,0,0,True
395,9.0,0.015,0.0,0.000000e+00,0,0,0,0,True
397,9.0,0.015,0.0,0.000000e+00,0,0,0,0,True
398,9.0,0.015,0.0,0.000000e+00,0,0,0,0,True
399,9.0,0.015,0.0,0.000000e+00,0,0,0,0,True
400,9.0,0.015,0.0,0.000000e+00,0,0,0,0,True
402,9.0,0.015,0.0,0.000000e+00,0,0,0,0,True
403,9.0,0.015,0.0,0.000000e+00,0,0,0,0,True
405,9.0,0.015,0.0,0.000000e+00,0,0,0,0,True
407,9.0,0.015,0.0,0.000000e+00,0,0,0,0,True
408,9.0,0.015,0.0,0.000000e+00,0,0,0,0,True
409,9.0,0.015,0.0,0.000000e+00,0,0,0,0,True
410,9.0,0.015,0.0,0.000000e+00,0,0,0,0,True
411,9.0,0.015,0.0,0.000000e+00,0,0,0,0,True
412,9.0,0.015,0.0,0.000000e+00,0,0,0,0,True
413,9.0,0.015,0.0,0.000000e+00,0,0,0,0,True
414,9.0,0.015,0.0,0.000000e+00,0,0,0,0,True
415,9.0,0.015,0.0,0.000000e+00,0,0,0,0,True
416,9.0,0.015,0.0,0.000000e+00,0,0,0,0,True
418,9.0,0.015,0.0,0.000000e+00,0,0,0,0,True
419,9.0,0.015,0.0,0.000000e+00,0,0,0,0,True
421,9.0,0.015,0.0,0.000000e+00,0,0,0,0,True
424,9.0,0.015,0.0,0.000000e+00,0,0,0,0,True
425,9.0,0.015,0.0,0.000000e+00,0,0,0,0,True
426,9.0,0.015,0.0,0.000000e+00,0,0,0,0,True
427,9.0,0.015,0.0,0.000000e+00,0,0,0,0,True
428,9.0,0.015,0.0,0.000000e+00,0,0,0,0,True
430,9.0,0.015,0.0,0.000000e+00,0,0,0,0,True
431,9.0,0.015,0.0,0.000000e+00,0,0,0,0,True
433,9.0,0.015,0.0,0.000000e+00,0,0,0,0,True
434,9.0,0.015,0.0,0.000000e+00,0,0,0,0,True
435,9.0,0.015,0.0,0.000000e+00,0,0,0,0,True
436,9.0,0.015,0.0,0.000000e+00,0,0,0,0,True
437,9.0,0.015,0.0,0.000000e+00,0,0,0,0,True
438,9.0,0.015,0.0,0.000000e+00,0,0,0,0,True
439,9.0,0.015,0.0,0.000000e+00,0,0,0,0,True
440,9.0,0.015,0.0,0.000000e+00,0,0,0,0,True
441,9.0,0.015,0.0,0.000000e+00,0,0,0,0,True
442,9.0,0.015,0.0,0.000000e+00,0,0,0,0,True
443,9.0,0.015,0.0,0.000000e+00,0,0,0,0,True
444,9.0,0.015,0.0,0.000000e+00,0,0,0,0,True
445,9.0,0.015,0.0,0.000000e+00,0,0,0,0,True
446,9.0,0.015,0.0,0.000000e+00,0,0,0,0,True
447,9.0,0.015,0.0,0.000000e+00,0,0,0,0,True
448,9.0,0.015,0.0,0.000000e+00,0,0,0,0,True
449,9.0,0.015,0.0,0.000000e+00,0,0,0,0,True
450,9.0,0.015,0.0,0.000000e+00,0,0,0,0,True
451,9.0,0.015,0.0,0.000000e+00,0,0,0,0,True
452,9.0,0.015,0.0,0.000000e+00,0,0,0,0,True
453,9.0,0.015,0.0,0.000000e+00,0,0,0,0,True
454,9.0,0.015,0.0,0.000000e+00,0,0,0,0,True
458,9.0,0.015,0.0,0.000000e+00,0,0,0,0,True
459,9.0,0.015,0.0,0.000000e+00,0,0,0,0,True
460,9.0,0.015,0.0,0.000000e+00,0,0,0,0,True
461,9.0,0.015,0.0,0.000000e+00,0,0,0,0,True
462,9.0,0.015,0.0,0.000000e+00,0,0,0,0,True
463,9.0,0.015,0.0,0.000000e+00,0,0,0,0,True
464,9.0,0.015,0.0,0.000000e+00,0,0,0,0,True
465,9.0,0.015,0.0,0.000000e+00,0,0,0,0,True
466,9.0,0.015,0.0,0.000000e+00,0,0,0,0,True
467,9.0,0.015,0.0,0.000000e+00,0,0,0,0,True
468,9.0,0.015,0.0,0.000000e+00,0,0,0,0,True
469,9.0,0.015,0.0,0.000000e+00,0,0,0,0,True
470,9.0,0.015,0.0,0.000000e+00,0,0,0,0,True
473,9.0,0.015,0.0,0.000000e+00,0,0,0,0,True
474,9.0,0.015,0.0,0.000000e+00,0,0,0,0,True
475,9.0,0.015,0.0,0.000000e+00,0,0,0,0,True
476,9.0,0.015,0.0,0.000000e+00,0,0,0,0,True
477,9.0,0.015,0.0,0.000000e+00,0,0,0,0,True
478,9.0,0.015,0.0,0.000000e+00,0,0,0,0,True
479,9.0,0.015,0.0,0.000000e+00,0,0,0,0,True
481,9.0,0.015,0.0,0.000000e+00,0,0,0,0,True
482,9.0,0.015,0.0,0.000000e+00,0,0,0,0,True
484,9.0,0.015,0.0,0.000000e+00,0,0,0,0,True
485,9.0,0.015,0.0,0.000000e+00,0,0,0,0,True
486,9.0,0.015,0.0,0.000000e+00,0,0,0,0,True
487,9.0,0.015,0.0,0.000000e+00,0,0,0,0,True
488,9.0,0.015,0.0,0.000000e+00,0,0,0,0,True
489,9.0,0.015,0.0,0.000000e+00,0,0,0,0,True
491,9.0,0.015,0.0,0.000000e+00,0,0,0,0,True
492,9.0,0.015,0.0,0.000000e+00,0,0,0,0,True
493,9.0,0.015,0.0,0.000000e+00,0,0,0,0,True
494,9.0,0.015,0.0,0.000000e+00,0,0,0,0,True
495,9.0,0.015,0.0,0.000000e+00,0,0,0,0,True
497,9.0,0.015,0.0,0.000000e+00,0,0,0,0,True
499,9.0,0.015,0.0,0.000000e+00,0,0,0,0,True
500,9.0,0.015,0.0,0.000000e+00,0,0,0,0,True
501,9.0,0.015,0.0,0.000000e+00,0,0,0,0,True
503,9.0,0.015,0.0,0.000000e+00,0,0,0,0,True
504,9.0,0.015,0.0,0.000000e+00,0,0,0,0,True
505,9.0,0.015,0.0,0.000000e+00,0,0,0,0,True
506,9.0,0.015,0.0,0.000000e+00,0,0,0,0,True
507,9.0,0.015,0.0,0.000000e+00,0,0,0,0,True
508,9.0,0.015,0.0,0.000000e+00,0,0,0,0,True
509,9.0,0.015,0.0,0.000000e+00,0,0,0,0,True
510,9.0,0.015,0.0,0.000000e+00,0,0,0,0,True
511,9.0,0.015,0.0,0.000000e+00,0,0,0,0,True
512,9.0,0.015,0.0,0.000000e+00,0,0,0,0,True
514,9.0,0.015,0.0,0.000000e+00,0,0,0,0,True
515,9.0,0.015,0.0,0.000000e+00,0,0,0,0,True
516,9.0,0.015,0.0,0.000000e+00,0,0,0,0,True
517,9.0,0.015,0.0,0.000000e+00,0,0,0,0,True
518,9.0,0.015,0.0,0.000000e+00,0,0,0,0,True
519,9.0,0.015,0.0,0.000000e+00,0,0,0,0,True
520,9.0,0.015,0.0,0.000000e+00,0,0,0,0,True
521,9.0,0.015,0.0,0.000000e+00,0,0,0,0,True
522,9.0,0.015,0.0,0.000000e+00,0,0,0,0,True
525,9.0,0.015,0.0,0.000000e+00,0,0,0,0,True
528,9.0,0.015,0.0,0.000000e+00,0,0,0,0,True
529,9.0,0.015,0.0,0.000000e+00,0,0,0,0,True
530,9.0,0.015,0.0,0.000000e+00,0,0,0,0,True
531,9.0,0.015,0.0,0.000000e+00,0,0,0,0,True
532,9.0,0.015,0.0,0.000000e+00,0,0,0,0,True
535,9.0,0.015,0.0,0.000000e+00,0,0,0,0,True
536,9.0,0.015,0.0,0.000000e+00,0,0,0,0,True
537,9.0,0.015,0.0,0.000000e+00,0,0,0,0,True
539,9.0,0.015,0.0,0.000000e+00,0,0,0,0,True
542,9.0,0.015,0.0,0.000000e+00,0,0,0,0,True
543,9.0,0.015,0.0,0.000000e+00,0,0,0,0,True
544,9.0,0.015,0.0,0.000000e+00,0,0,0,0,True
545,9.0,0.015,0.0,0.000000e+00,0,0,0,0,True
546,9.0,0.015,0.0,0.000000e+00,0,0,0,0,True
548,9.0,0.015,0.0,0.000000e+00,0,0,0,0,True
549,9.0,0.015,0.0,0.000000e+00,0,0,0,0,True
550,9.0,0.015,0.0,0.000000e+00,0,0,0,0,True
552,9.0,0.015,0.0,0.000000e+00,0,0,0,0,True
554,9.0,0.015,0.0,0.000000e+00,0,0,0,0,True
555,9.0,0.015,0.0,0.000000e+00,0,0,0,0,True
556,9.0,0.015,0.0,0.000000e+00,0,0,0,0,True
557,9.0,0.015,0.0,0.000000e+00,0,0,0,0,True
561,9.0,0.015,0.0,0.000000e+00,0,0,0,0,True
562,9.0,0.015,0.0,0.000000e+00,0,0,0,0,True
563,9.0,0.015,0.0,0.000000e+00,0,0,0,0,True
564,9.0,0.015,0.0,0.000000e+00,0,0,0,0,True
565,9.0,0.015,0.0,0.000000e+00,0,0,0,0,True
566,9.0,0.015,0.0,0.000000e+00,0,0,0,0,True
567,9.0,0.015,0.0,0.000000e+00,0,0,0,0,True
570,9.0,0.015,0.0,0.000000e+00,0,0,0,0,True
571,9.0,0.015,0.0,0.000000e+00,0,0,0,0,True
572,9.0,0.015,0.0,0.000000e+00,0,0,0,0,True
573,9.0,0.015,0.0,0.000000e+00,0,0,0,0,True
574,9.0,0.015,0.0,0.000000e+00,0,0,0,0,True
575,9.0,0.015,0.0,0.000000e+00,0,0,0,0,True
578,9.0,0.015,0.0,0.000000e+00,0,0,0,0,True
579,9.0,0.015,0.0,0.000000e+00,0,0,0,0,True
580,9.0,0.015,0.0,0.000000e+00,0,0,0,0,True
581,9.0,0.015,0.0,0.000000e+00,0,0,0,0,True
583,9.0,0.015,0.0,0.000000e+00,0,0,0,0,True
584,9.0,0.015,0.0,0.000000e+00,0,0,0,0,True
585,9.0,0.015,0.0,0.000000e+00,0,0,0,0,True
586,9.0,0.015,0.0,0.000000e+00,0,0,0,0,True
587,9.0,0.015,0.0,0.000000e+00,0,0,0,0,True
588,9.0,0.015,0.0,0.000000e+00,0,0,0,0,True
589,9.0,0.015,0.0,0.000000e+00,0,0,0,0,True
590,9.0,0.015,0.0,0.000000e+00,0,0,0,0,True
591,9.0,0.015,0.0,0.000000e+00,0,0,0,0,True
592,9.0,0.015,0.0,0.000000e+00,0,0,0,0,True
593,9.0,0.015,0.0,0.000000e+00,0,0,0,0,True
594,9.0,0.015,0.0,0.000000e+00,0,0,0,0,True
595,9.0,0.015,0.0,0.000000e+00,0,0,0,0,True
597,9.0,0.015,0.0,0.000000e+00,0,0,0,0,True
600,11.3393,0.014999999999999998,0.14695860385991305,0.000000e+00,1,2,2,0,False
602,11.3393,0.014999999999999998,0.06343758974601992,8.766317e-05,1,2,2,0,False
603,11.3393,0.014999999999999998,0.09397223345105088,1.055766e-04,1,2,2,0,False
604,11.3393,0.014999999999999998,0.13944322994060454,1.382876e-04,1,2,2,0,False
605,11.3393,0.014999999999999998,0.13565523737245608,1.435418e-04,1,2,2,0,False
606,11.3393,0.014999999999999998,0.1288196473980923,1.766838e-04,1,2,2,0,False
607,11.3393,0.014999999999999998,0.12404646103269666,2.094772e-04,1,2,2,0,False
610,11.3393,0.014999999999999998,0.17617859555489696,5.314968e-04,1,2,2,0,False
612,11.3393,0.014999999999999998,0.1525899928830188,6.053424e-04,1,2,2,0,False
613,11.3393,0.014999999999999998,0.17317679482618328,6.238364e-04,1,2,2,0,False
614,11.3393,0.014999999999999998,0.06093063361646512,7.981583e-04,1,2,2,0,False
615,11.3393,0.014999999999999998,0.0,7.983170e-04,1,2,2,0,False
616,11.3393,0.014999999999999998,0.1706693594216286,8.926673e-04,1,2,2,0,False
617,11.3393,0.014999999999999998,0.09395210582171971,9.017897e-04,1,2,2,0,False
618,11.3393,0.014999999999999998,0.06585006223716866,9.269207e-04,1,2,2,0,False
619,11.3393,0.014999999999999998,0.10352183640522018,9.679092e-04,1,2,2,0,False
620,11.3393,0.014999999999999998,0.19310565188629983,9.805612e-04,1,2,2,0,False
621,11.3393,0.014999999999999998,0.2306145043133425,1.040512e-03,1,2,2,0,False
622,11.3393,0.014999999999999998,0.09599374122432223,1.121404e-03,1,2,2,0,False
623,11.3393,0.014999999999999998,0.0952948933954461,1.223852e-03,1,2,2,0,False
625,11.3393,0.014999999999999998,0.06415896671060854,1.315674e-03,1,2,2,0,False
627,11.3393,0.014999999999999998,0.12944212177683853,1.355173e-03,1,2,2,0,False
628,11.3393,0.014999999999999998,0.1951276517216967,1.569024e-03,1,2,2,0,False
629,11.3393,0.014999999999999998,0.2033970403124272,1.577680e-03,1,2,2,0,False
630,11.3393,0.014999999999999998,0.05904304101865755,1.619430e-03,1,2,2,0,False
632,11.3393,0.014999999999999998,0.0,1.709109e-03,1,2,2,0,False
633,11.3393,0.014999999999999998,0.06685313089574882,1.998380e-03,1,2,2,0,False
634,11.3393,0.014999999999999998,0.0,2.084874e-03,1,2,2,0,False
635,11.3393,0.014999999999999998,0.1170486571588321,2.110544e-03,1,2,2,0,False
637,11.3393,0.014999999999999998,0.0,2.194719e-03,1,2,2,0,False
638,11.3393,0.014999999999999998,0.0,2.217451e-03,1,2,2,0,False
639,11.3393,0.014999999999999998,0.0,2.249079e-03,1,2,2,0,False
641,11.3393,0.014999999999999998,0.07676929913926477,2.332199e-03,1,2,2,0,False
642,11.3393,0.014999999999999998,0.30774925113817836,2.337158e-03,1,2,2,0,False
643,11.3393,0.014999999999999998,0.04308078634004193,2.542154e-03,1,2,2,0,False
644,11.3393,0.014999999999999998,0.16511331231772508,2.553158e-03,1,2,2,0,False
645,11.3393,0.014999999999999998,0.16543917782634368,2.600866e-03,1,2,2,0,False
646,11.3393,0.014999999999999998,0.15257379159417409,2.601076e-03,1,2,2,0,False
647,11.3393,0.014999999999999998,0.17161611522959538,2.645048e-03,1,2,2,0,False
648,11.3393,0.014999999999999998,0.0,2.706187e-03,1,2,2,0,False
650,12.9802,0.014999999999999996,0.11814795889780076,2.747731e-03,2,4,2,0,False
651,12.9802,0.014999999999999996,0.052015520587700106,2.958467e-03,2,4,2,0,False
652,11.3393,0.014999999999999998,0.24299507440469986,2.977537e-03,1,2,2,0,False
653,11.3393,0.014999999999999998,0.0,2.979435e-03,1,2,2,0,False
654,11.3393,0.014999999999999998,0.0,3.014389e-03,1,2,2,0,False
655,11.3393,0.014999999999999998,0.13172444428112115,3.094043e-03,1,2,2,0,False
656,11.3393,0.014999999999999998,0.12064825538940226,3.114148e-03,1,2,2,0,False
657,11.3393,0.014999999999999998,0.17374914731804564,3.198555e-03,1,2,2,0,False
658,12.9802,0.014999999999999996,0.11376211434171463,3.203689e-03,2,4,2,0,False
659,11.3393,0.014999999999999998,0.1940391946463585,3.219889e-03,1,2,2,0,False
660,11.3393,0.014999999999999998,0.09784277036284028,3.237073e-03,1,2,2,0,False
661,11.3393,0.014999999999999998,0.07048370523695714,3.411193e-03,1,2,2,0,False
662,11.3393,0.014999999999999998,0.11829810913163492,3.438520e-03,1,2,2,0,False
663,11.3393,0.014999999999999998,0.12335142690453023,3.532774e-03,1,2,2,0,False
664,12.9802,0.014999999999999996,0.16334542113549072,3.664098e-03,2,4,2,0,False
665,12.9802,0.014999999999999996,0.0,3.710384e-03,2,4,2,0,False
666,11.3393,0.014999999999999998,0.09054051544470355,3.772043e-03,1,2,2,0,False
668,12.9802,0.014999999999999996,0.11173769993863182,3.896578e-03,2,4,2,0,False
669,11.3393,0.014999999999999998,0.10910518282373308,3.899758e-03,1,2,2,0,False
670,12.9802,0.014999999999999996,0.09978113589933138,4.002702e-03,2,4,2,0,False
671,11.3393,0.014999999999999998,0.0,4.057211e-03,1,2,2,0,False
672,11.3393,0.014999999999999998,0.1291915326566818,4.179928e-03,1,2,2,0,False
673,11.3393,0.014999999999999998,0.0,4.208354e-03,1,2,2,0,False
674,11.3393,0.014999999999999998,0.0,4.248423e-03,1,2,2,0,False
675,11.3393,0.014999999999999998,0.17880318416516452,4.355696e-03,1,2,2,0,False
677,11.3393,0.014999999999999998,0.17545383662474198,4.705725e-03,1,2,2,0,False
678,11.3393,0.014999999999999998,0.0,4.756247e-03,1,2,2,0,False
679,11.3393,0.014999999999999998,0.0,4.800215e-03,1,2,2,0,False
680,11.3393,0.014999999999999998,0.11040759563173329,4.933217e-03,1,2,2,0,False
682,11.3393,0.014999999999999998,0.12094963901445971,5.105174e-03,1,2,2,0,False
683,12.9802,0.014999999999999996,0.21779891503073573,5.128141e-03,2,4,2,0,False
684,11.3393,0.014999999999999998,0.2054109924567285,5.319393e-03,1,2,2,0,False
685,11.3393,0.014999999999999998,0.09617229955806106,5.381976e-03,1,2,2,0,False
686,12.9802,0.014999999999999996,0.1456115496129123,5.396025e-03,2,4,2,0,False
687,12.9802,0.014999999999999996,0.13858050094071825,5.582872e-03,2,4,2,0,False
688,12.9802,0.014999999999999996,0.15196442058961235,5.630056e-03,2,4,2,0,False
689,11.3393,0.014999999999999998,0.0,5.643081e-03,1,2,2,0,False
690,11.3393,0.014999999999999998,0.16915851376419194,5.672322e-03,1,2,2,0,False
691,11.3393,0.014999999999999998,0.23097612450096766,5.728913e-03,1,2,2,0,False
692,11.3393,0.014999999999999998,0.0,5.772783e-03,1,2,2,0,False
693,11.3393,0.014999999999999998,0.0,5.785659e-03,1,2,2,0,False
694,11.3393,0.014999999999999998,0.0,5.892920e-03,1,2,2,0,False
695,11.3393,0.014999999999999998,0.09743895057526052,5.964337e-03,1,2,2,0,False
696,11.3393,0.014999999999999998,0.0,6.169020e-03,1,2,2,0,False
697,12.9802,0.014999999999999996,0.13664997778231797,6.275141e-03,2,4,2,0,False
698,12.9802,0.014999999999999996,0.15358324989971947,6.489314e-03,2,4,2,0,False
699,11.3393,0.014999999999999998,0.0,6.565613e-03,1,2,2,0,False
